name	source	kind	status	diff_puml	svg	focus	new_svg	old_svg	old_details	new_details
AddVisitApiTest.java.adds-a-visit-to-an-existing-pet.genseq	petclinic-test/generated/AddVisitApiTest.java.adds-a-visit-to-an-existing-pet.genseq.puml	sequence	modified	petclinic-test_generated_AddVisitApiTest.java.adds-a-visit-to-an-existing-pet.genseq.diff.puml	petclinic-test_generated_AddVisitApiTest.java.adds-a-visit-to-an-existing-pet.genseq.diff.svg		petclinic-test_generated_AddVisitApiTest.java.adds-a-visit-to-an-existing-pet.genseq.new.svg	petclinic-test_generated_AddVisitApiTest.java.adds-a-visit-to-an-existing-pet.genseq.old.svg	petclinic-test_generated_AddVisitApiTest.java.adds-a-visit-to-an-existing-pet.genseq.old.json	petclinic-test_generated_AddVisitApiTest.java.adds-a-visit-to-an-existing-pet.genseq.new.json
OwnerListTest.java.defaultrequest-returnsthefirsttenbynamewiththetotal.genseq	petclinic-test/generated/OwnerListTest.java.defaultrequest-returnsthefirsttenbynamewiththetotal.genseq.puml	sequence	added	petclinic-test_generated_OwnerListTest.java.defaultrequest-returnsthefirsttenbynamewiththetotal.genseq.diff.puml	petclinic-test_generated_OwnerListTest.java.defaultrequest-returnsthefirsttenbynamewiththetotal.genseq.diff.svg		petclinic-test_generated_OwnerListTest.java.defaultrequest-returnsthefirsttenbynamewiththetotal.genseq.new.svg			petclinic-test_generated_OwnerListTest.java.defaultrequest-returnsthefirsttenbynamewiththetotal.genseq.new.json
OwnerListTest.java.envelope-hasexactlycontentandtotalelements.genseq	petclinic-test/generated/OwnerListTest.java.envelope-hasexactlycontentandtotalelements.genseq.puml	sequence	added	petclinic-test_generated_OwnerListTest.java.envelope-hasexactlycontentandtotalelements.genseq.diff.puml	petclinic-test_generated_OwnerListTest.java.envelope-hasexactlycontentandtotalelements.genseq.diff.svg		petclinic-test_generated_OwnerListTest.java.envelope-hasexactlycontentandtotalelements.genseq.new.svg			petclinic-test_generated_OwnerListTest.java.envelope-hasexactlycontentandtotalelements.genseq.new.json
add-visit.spec.ts.add-a-visit-to-an-existing-pet-from-the-owner-detail-page.genseq	petclinic-test/generated/add-visit.spec.ts.add-a-visit-to-an-existing-pet-from-the-owner-detail-page.genseq.puml	sequence	modified	petclinic-test_generated_add-visit.spec.ts.add-a-visit-to-an-existing-pet-from-the-owner-detail-page.genseq.diff.puml	petclinic-test_generated_add-visit.spec.ts.add-a-visit-to-an-existing-pet-from-the-owner-detail-page.genseq.diff.svg		petclinic-test_generated_add-visit.spec.ts.add-a-visit-to-an-existing-pet-from-the-owner-detail-page.genseq.new.svg	petclinic-test_generated_add-visit.spec.ts.add-a-visit-to-an-existing-pet-from-the-owner-detail-page.genseq.old.svg	petclinic-test_generated_add-visit.spec.ts.add-a-visit-to-an-existing-pet-from-the-owner-detail-page.genseq.old.json	petclinic-test_generated_add-visit.spec.ts.add-a-visit-to-an-existing-pet-from-the-owner-detail-page.genseq.new.json
owner-search.feature.changing-the-page-size-returns-to-the-first-page.genseq	petclinic-test/generated/owner-search.feature.changing-the-page-size-returns-to-the-first-page.genseq.puml	sequence	added	petclinic-test_generated_owner-search.feature.changing-the-page-size-returns-to-the-first-page.genseq.diff.puml	petclinic-test_generated_owner-search.feature.changing-the-page-size-returns-to-the-first-page.genseq.diff.svg		petclinic-test_generated_owner-search.feature.changing-the-page-size-returns-to-the-first-page.genseq.new.svg			petclinic-test_generated_owner-search.feature.changing-the-page-size-returns-to-the-first-page.genseq.new.json
owner-search.feature.paging-through-every-owner-5-at-a-time.genseq	petclinic-test/generated/owner-search.feature.paging-through-every-owner-5-at-a-time.genseq.puml	sequence	added	petclinic-test_generated_owner-search.feature.paging-through-every-owner-5-at-a-time.genseq.diff.puml	petclinic-test_generated_owner-search.feature.paging-through-every-owner-5-at-a-time.genseq.diff.svg		petclinic-test_generated_owner-search.feature.paging-through-every-owner-5-at-a-time.genseq.new.svg			petclinic-test_generated_owner-search.feature.paging-through-every-owner-5-at-a-time.genseq.new.json
owner-search.feature.searching-from-a-later-page-returns-to-the-first-page-of-the-matches.genseq	petclinic-test/generated/owner-search.feature.searching-from-a-later-page-returns-to-the-first-page-of-the-matches.genseq.puml	sequence	added	petclinic-test_generated_owner-search.feature.searching-from-a-later-page-returns-to-the-first-page-of-the-matches.genseq.diff.puml	petclinic-test_generated_owner-search.feature.searching-from-a-later-page-returns-to-the-first-page-of-the-matches.genseq.diff.svg		petclinic-test_generated_owner-search.feature.searching-from-a-later-page-returns-to-the-first-page-of-the-matches.genseq.new.svg			petclinic-test_generated_owner-search.feature.searching-from-a-later-page-returns-to-the-first-page-of-the-matches.genseq.new.json
owner-search.feature.searching-with-an-empty-last-name-lists-every-owner.genseq	petclinic-test/generated/owner-search.feature.searching-with-an-empty-last-name-lists-every-owner.genseq.puml	sequence	deleted	petclinic-test_generated_owner-search.feature.searching-with-an-empty-last-name-lists-every-owner.genseq.diff.puml	petclinic-test_generated_owner-search.feature.searching-with-an-empty-last-name-lists-every-owner.genseq.diff.svg			petclinic-test_generated_owner-search.feature.searching-with-an-empty-last-name-lists-every-owner.genseq.old.svg	petclinic-test_generated_owner-search.feature.searching-with-an-empty-last-name-lists-every-owner.genseq.old.json	
owner-search.feature.searching-with-an-empty-last-name-shows-the-first-page-of-every-owner.genseq	petclinic-test/generated/owner-search.feature.searching-with-an-empty-last-name-shows-the-first-page-of-every-owner.genseq.puml	sequence	added	petclinic-test_generated_owner-search.feature.searching-with-an-empty-last-name-shows-the-first-page-of-every-owner.genseq.diff.puml	petclinic-test_generated_owner-search.feature.searching-with-an-empty-last-name-shows-the-first-page-of-every-owner.genseq.diff.svg		petclinic-test_generated_owner-search.feature.searching-with-an-empty-last-name-shows-the-first-page-of-every-owner.genseq.new.svg			petclinic-test_generated_owner-search.feature.searching-with-an-empty-last-name-shows-the-first-page-of-every-owner.genseq.new.json
owner-search.feature.sorting-by-city-then-reversing-it.genseq	petclinic-test/generated/owner-search.feature.sorting-by-city-then-reversing-it.genseq.puml	sequence	added	petclinic-test_generated_owner-search.feature.sorting-by-city-then-reversing-it.genseq.diff.puml	petclinic-test_generated_owner-search.feature.sorting-by-city-then-reversing-it.genseq.diff.svg		petclinic-test_generated_owner-search.feature.sorting-by-city-then-reversing-it.genseq.new.svg			petclinic-test_generated_owner-search.feature.sorting-by-city-then-reversing-it.genseq.new.json
